chr,position,pvalue,p.adj
Contig2025,4292,6.74809151406904e-12,5.70213732938834e-09
Contig5600,420,1.09955942184666e-11,9.29127711460424e-09
clc_contig_1097,4766,1.86770687881481e-10,1.57821231259851e-07
Contig5700,429,9.09477797199549e-09,7.68508738633619e-06
Contig3594,917,1.77933809127828e-08,1.50354068713014e-05
Contig3594,922,1.77933809127828e-08,1.50354068713014e-05
clc_contig_9705,1345,9.4278911323722e-08,7.96656800685451e-05
Contig702,254,3.35752288588462e-07,0.000283710683857251
Contig702,255,4.03921675177999e-07,0.000341313815525409
clc_contig_6236,2722,5.34381146883473e-07,0.000451552069116535
clc_contig_2369,979,7.62075659051381e-07,0.000643953931898417
Contig7657,3888,1.15948468083693e-06,0.000979764555307206
clc_contig_2246,3263,1.21563822647753e-06,0.00102721430137351
clc_contig_16936,1769,1.25211657963698e-06,0.00105803850979325
clc_contig_12687,4091,1.34581961459218e-06,0.00113721757433039
Contig702,3264,2.12870699504279e-06,0.00179875741081116
clc_contig_2369,2389,2.86045591673831e-06,0.00241708524964387
clc_contig_7155,1115,4.50738204496325e-06,0.00380873782799395
clc_contig_2387,639,4.65588776124531e-06,0.00393422515825229
clc_contig_713,3059,6.70406064070215e-06,0.00566493124139332
Contig7137,981,7.4806468944476e-06,0.00632114662580822
clc_contig_1097,1186,9.84075471204521e-06,0.00831543773167821
clc_contig_9969,2634,1.11406656342458e-05,0.0094138624609377
clc_contig_16011,3481,1.54729240455279e-05,0.0130746208184711
Contig702,3256,1.6133155545039e-05,0.0136325164355579
clc_contig_9969,2298,1.88106863098756e-05,0.0158950299318449
clc_contig_1097,4788,2.03963284819846e-05,0.017234897567277
clc_contig_8124,1950,2.31685425803863e-05,0.0195774184804264
Contig3055,2606,2.80991020109404e-05,0.0237437411992446
clc_contig_1886,1560,3.60598212146313e-05,0.0304705489263635
clc_contig_9337,573,3.74092663817887e-05,0.0316108300926114
clc_contig_5172,627,3.97314548167868e-05,0.0335730793201849
Contig7016,1424,5.67447136601707e-05,0.0479492830428442
Contig5609,487,5.75729327727264e-05,0.0486491281929538
Contig7061,7869,6.49875225778575e-05,0.0549144565782896
Contig5600,411,6.51807782525667e-05,0.0550777576234189
clc_contig_9969,2979,7.89230184180284e-05,0.066689950563234
clc_contig_9969,2986,7.89230184180284e-05,0.066689950563234
Contig874,1406,8.23018535078889e-05,0.0695450662141661
Contig4723,1663,0.000111994299972927,0.0946351834771235
Contig2281,1232,0.000124611866285724,0.105297027011437
clc_contig_3581,3551,0.000128097501456678,0.108242388730893
Contig3059,3709,0.000188077454243255,0.158925448835551
clc_contig_5173,843,0.00019899281067953,0.168148925024203
Contig1825,238,0.000243514799186451,0.205770005312551
Contig2546,185,0.000299657642972709,0.253210708311939
clc_contig_5172,2672,0.000308664304927901,0.260821337664076
Contig2166,3325,0.000309231974550757,0.26130101849539
clc_contig_15135,697,0.000329235768569184,0.278204224440961
Contig2025,4330,0.0003547920880892,0.299799314435374
clc_contig_5172,2662,0.000357170068157101,0.301808707592751
Contig2814,583,0.000361343169338857,0.305334978091334
clc_contig_4065,1097,0.000380792749387578,0.321769873232504
clc_contig_321,2539,0.000463902122998136,0.391997293933425
Contig3515,1280,0.000479150785232029,0.404882413521065
clc_contig_13178,1078,0.00049272850888227,0.416355590005518
Contig1178,109,0.000559488112216599,0.472767454823026
clc_contig_6885,489,0.000570959123171711,0.482460459080096
Contig1954,1181,0.000689415911687685,0.582556445376094
clc_contig_25987,324,0.000809092705811639,0.683683336410835
clc_contig_5198,7135,0.000825066919759546,0.697181547196816
clc_contig_11322,830,0.000857590185466409,0.724663706719116
clc_contig_11322,853,0.000857590185466409,0.724663706719116
Contig1346,3370,0.00091109000008116,0.76987105006858
Contig1515,7945,0.000952748591471192,0.805072559793157
clc_contig_6779,4283,0.000956799150204784,0.808495281923042
clc_contig_1760,2379,0.00109324736766436,0.923794025676388
Contig702,2344,0.0011146002080101,0.94183717576853
Contig2025,2898,0.00115035589342149,0.972050729941162
Contig6270,1738,0.00126338904067852,1
Contig4838,153,0.00144351102910007,1
Contig5471,1408,0.00155299411323632,1
clc_contig_11302,4084,0.00175945383365552,1
clc_contig_5400,2448,0.00188395451340357,1
Contig3922,2473,0.00188538545510976,1
Contig1318,1395,0.00193183418858268,1
clc_contig_17008,2747,0.00208113427210309,1
clc_contig_3995,2741,0.00211747063922656,1
Contig1178,85,0.00214686104224058,1
clc_contig_10701,1365,0.00218743785507639,1
clc_contig_12359,821,0.00219765221891614,1
clc_contig_657,1018,0.00234580068758015,1
clc_contig_657,1021,0.00234580068758015,1
Contig3647,87,0.00245517865970626,1
clc_contig_9142,356,0.00329506630002821,1
Contig5177,2214,0.00330227924089833,1
Phal_PtaS26638183,746,0.0033446611787635,1
clc_contig_540,1296,0.00334630425163338,1
Contig3022,158,0.003392391222276,1
clc_contig_7728,599,0.00350219619595113,1
Contig1497,2987,0.00364555239756541,1
clc_contig_8963,2086,0.00370593522396756,1
Contig2973,191,0.00383964848126204,1
Contig4605,2033,0.00414804627049598,1
clc_contig_3075,2334,0.00438374774391321,1
clc_contig_657,663,0.0047483415639546,1
clc_contig_915,3683,0.00497106801537598,1
Contig4557,211,0.0049727324335005,1
Contig3620,389,0.0052083953182347,1
clc_contig_1097,3780,0.00538555428883247,1
clc_contig_1097,3781,0.00538555428883247,1
clc_contig_295,6975,0.00553166445318233,1
clc_contig_295,6987,0.00553166445318233,1
clc_contig_540,297,0.00584153165133422,1
Contig2408,645,0.00601627513375221,1
clc_contig_9943,3156,0.00602500137021037,1
clc_contig_341,2073,0.0060269390544558,1
clc_contig_2031,888,0.00608485221910863,1
clc_contig_3195,246,0.00675826569034718,1
clc_contig_5186,514,0.00719615240687377,1
clc_contig_10191,158,0.00942019779888041,1
clc_contig_657,3948,0.00974740257316779,1
clc_contig_17125,1530,0.00985833661911547,1
Contig2482,1292,0.0104601405105732,1
Contig4049,1162,0.0110796519325484,1
Contig2482,522,0.0113432876175327,1
clc_contig_17069,1882,0.0119075514968501,1
clc_contig_713,6252,0.0120908927284777,1
clc_contig_5173,4316,0.0124334787924123,1
Contig3083,86,0.0126690941059965,1
clc_contig_10138,990,0.0131380701206552,1
Contig3616,497,0.0135012592227819,1
clc_contig_6729,498,0.014265079875762,1
clc_contig_6729,441,0.0144206290759934,1
clc_contig_6729,449,0.0144206290759934,1
Contig3515,939,0.014728445097315,1
clc_contig_713,802,0.0160862009535659,1
clc_contig_7728,509,0.0164255515806732,1
clc_contig_12360,7460,0.0171665595201678,1
clc_contig_11143,4954,0.0173810452935868,1
clc_contig_713,6268,0.0174376374704966,1
Contig3187,737,0.0176730626646268,1
clc_contig_10951,977,0.0184324931930583,1
Contig1318,7929,0.0188281846285723,1
Contig2350,695,0.0188492497251834,1
clc_contig_3481,4252,0.0195731137057943,1
clc_contig_12027,10360,0.0198411469758676,1
clc_contig_4802,1579,0.0203686674171736,1
clc_contig_1699,2744,0.0207215630332984,1
clc_contig_657,2494,0.0221544198062772,1
Contig1800,1975,0.0226429689403104,1
clc_contig_5173,304,0.0231335415437722,1
clc_contig_4897,1319,0.0238796419772248,1
Contig1120,1196,0.0248809447677641,1
Contig365,663,0.0249629473133996,1
Contig1318,10334,0.0252259234519648,1
Contig874,1914,0.0258692793171887,1
clc_contig_657,2497,0.0263622249112024,1
clc_contig_17069,2933,0.0267198729713776,1
clc_contig_6983,3209,0.0269488537935936,1
clc_contig_3481,920,0.0271351840674827,1
clc_contig_7728,449,0.0278456315532621,1
clc_contig_312,1027,0.0279380016655935,1
clc_contig_6729,492,0.0285602106088088,1
Contig5063,907,0.0288531292642907,1
Contig1682,2795,0.0289950320724853,1
clc_contig_1281,5100,0.0296702493785361,1
clc_contig_11,3503,0.0297320140486447,1
clc_contig_24102,143,0.029897005551458,1
clc_contig_5173,1133,0.0303005717299587,1
clc_contig_657,3304,0.030619794454726,1
Contig3620,2510,0.0311576371749788,1
Contig7210,240,0.0313118473893012,1
Contig7210,273,0.0313118473893012,1
clc_contig_13170,628,0.031774554905474,1
clc_contig_7728,457,0.0318047703491281,1
clc_contig_3970,2969,0.0326499926769741,1
clc_contig_12687,2729,0.0326946612751053,1
Contig7061,2431,0.0336303147156375,1
clc_contig_657,589,0.0340693025087764,1
Contig2741,491,0.0347818565121044,1
clc_contig_3481,4173,0.0347895317857701,1
Contig4564,7148,0.0353573731818026,1
Contig702,1288,0.0359539667747057,1
clc_contig_16011,2352,0.0362755228285215,1
clc_contig_3995,3185,0.0365396261906647,1
clc_contig_420,6102,0.0368814854051364,1
clc_contig_420,6115,0.0368814854051364,1
Contig4417,814,0.0374219481447107,1
clc_contig_657,3316,0.0403393688009204,1
Contig1536,2658,0.0405555606124589,1
clc_contig_4230,1540,0.0406397573111103,1
Contig1536,2676,0.0414956348176317,1
Contig4049,1222,0.0434361217374669,1
Contig395,2307,0.0434858844795213,1
Contig2025,4314,0.0438384711182701,1
clc_contig_1061,5079,0.0438891056406765,1
clc_contig_2589,1579,0.044342001488399,1
clc_contig_3025,1572,0.0448459495779885,1
clc_contig_5172,3654,0.0456316764478309,1
Contig1128,2098,0.0463822397234557,1
Contig1653,413,0.0501555279760799,1
clc_contig_18846,1192,0.0508003404576386,1
Contig1319,5681,0.0518277723530756,1
clc_contig_10286,2025,0.0523108571486293,1
Contig3809,474,0.0537086946422175,1
clc_contig_713,3075,0.0538206402886057,1
clc_contig_295,2446,0.05625587104816,1
Contig7311,3574,0.0611165526459197,1
Contig7311,3575,0.0611165526459197,1
clc_contig_3970,1422,0.0612464037854019,1
Contig84,223,0.0643158205151369,1
clc_contig_11302,926,0.0663897583374055,1
Contig1454,889,0.0684609223732278,1
clc_contig_2079,1881,0.0688783606679187,1
clc_contig_2079,1882,0.0688783606679187,1
Contig5600,196,0.0713041088876411,1
Contig2519,2610,0.0785897946154079,1
Contig5287,4608,0.0793069423526511,1
clc_contig_6501,1484,0.0812158922773998,1
clc_contig_4350,4809,0.0816015352105171,1
clc_contig_12027,5861,0.0828228189078146,1
Contig1128,2140,0.0878266078030869,1
clc_contig_3075,3251,0.0899436089002595,1
clc_contig_5173,4259,0.0906982188533226,1
clc_contig_657,487,0.0946579213795715,1
Contig5609,992,0.0956881645084351,1
clc_contig_10344,1607,0.0987951626345309,1
clc_contig_6501,1488,0.099228012431144,1
clc_contig_4350,4793,0.101225900025253,1
Contig2852,586,0.101950422750261,1
Contig3687,927,0.104214703708591,1
clc_contig_4350,4835,0.104581639048417,1
clc_contig_3226,4366,0.104825909104587,1
Contig1515,6296,0.110375519955567,1
clc_contig_6293,3350,0.110455468748875,1
Phal_PtaS26642482,419,0.112238136061836,1
clc_contig_20945,243,0.11393484914351,1
clc_contig_1061,9041,0.114416688032656,1
clc_contig_6182,2105,0.121567773699966,1
clc_contig_657,507,0.123949061074494,1
clc_contig_1610,3275,0.125590864808232,1
clc_contig_3025,1261,0.126146276677368,1
clc_contig_10344,2174,0.129479546465606,1
clc_contig_4882,256,0.129834040297731,1
clc_contig_1097,544,0.130292247267997,1
Contig1103,245,0.131948037795995,1
clc_contig_16936,1726,0.132054527038399,1
clc_contig_6182,3062,0.133263718350054,1
Contig3687,1485,0.136217795126197,1
Contig3491,334,0.138872053276193,1
Contig1655,4390,0.139210589764346,1
Phal_PtaS25094509,294,0.142800227829939,1
Contig689,684,0.144033543076672,1
clc_contig_1389,2605,0.144974570415426,1
clc_contig_697,3152,0.145082316095548,1
clc_contig_1632,3251,0.149588555243621,1
clc_contig_4282,2474,0.151750130476934,1
Contig6100,99,0.152456737972013,1
clc_contig_5738,1682,0.15357920018396,1
clc_contig_4897,1448,0.153675321442231,1
Contig1515,6642,0.153855279642535,1
clc_contig_8937,3783,0.158277180300764,1
clc_contig_1610,3201,0.160547530200304,1
clc_contig_16011,1439,0.162625633228161,1
clc_contig_3581,3620,0.163927664487399,1
Contig3427,421,0.166896193456081,1
clc_contig_2079,2545,0.167495972830626,1
clc_contig_7091,1616,0.167507786905881,1
clc_contig_4642,160,0.168010621743807,1
clc_contig_3062,1284,0.169351956210486,1
Contig4473,338,0.171971092383178,1
clc_contig_1061,1867,0.174638921053779,1
Contig2404,1131,0.175898463208782,1
clc_contig_8937,4277,0.176344159328899,1
clc_contig_10138,519,0.183209022219483,1
clc_contig_10138,520,0.183209022219483,1
clc_contig_7688,575,0.183941046434919,1
clc_contig_4691,1836,0.188226511310875,1
clc_contig_17125,469,0.19198499526082,1
Contig2408,693,0.194570087778555,1
clc_contig_11122,450,0.195389217261336,1
clc_contig_5400,4395,0.195481800701193,1
clc_contig_657,1918,0.196623148338088,1
clc_contig_6983,3215,0.196854670238124,1
clc_contig_3025,1235,0.198392949800595,1
clc_contig_10022,116,0.198478115698791,1
Contig4557,648,0.19927173135292,1
clc_contig_6182,3050,0.200007235630492,1
clc_contig_3358,2177,0.202174270594616,1
clc_contig_11302,3753,0.208366953754186,1
clc_contig_10344,558,0.209104221910599,1
clc_contig_1743,5036,0.211870833947168,1
Contig1515,549,0.213043994792431,1
Contig2946,697,0.216267201385009,1
clc_contig_6040,1191,0.216273591586472,1
clc_contig_10806,3724,0.217266511491092,1
Contig2025,3724,0.220610880917787,1
clc_contig_461,210,0.221130669573938,1
Contig2588,1276,0.224320531255686,1
Contig1835,3019,0.227739684843606,1
Contig2442,3935,0.230954270786536,1
clc_contig_1204,1601,0.232512623414059,1
Contig1515,6305,0.233313395858458,1
clc_contig_5506,273,0.235530543284028,1
Contig2481,1002,0.236039455698369,1
clc_contig_7091,2030,0.240115627289235,1
Contig6490,856,0.241804428884617,1
Contig1653,478,0.242028763855155,1
clc_contig_6511,1775,0.242897148682371,1
clc_contig_3358,177,0.244067505673824,1
clc_contig_1204,463,0.246351500954317,1
clc_contig_7688,1422,0.246655944956111,1
clc_contig_5208,1841,0.248042809913663,1
clc_contig_2079,2484,0.252040688787546,1
clc_contig_12687,5967,0.2524595519095,1
Contig4564,4551,0.253511689404445,1
clc_contig_3025,1314,0.255410704482721,1
Contig5711,1536,0.256004864531917,1
clc_contig_1743,1689,0.261920087422332,1
clc_contig_1377,2536,0.27921230830152,1
clc_contig_657,649,0.280038008049884,1
clc_contig_10286,2040,0.282491795602321,1
clc_contig_6791,2454,0.28263282918611,1
clc_contig_4101,1885,0.282697058237458,1
Contig1194,2886,0.284411080420836,1
Contig1318,1623,0.290362678959518,1
Contig6422,1437,0.293221879853024,1
Contig2662,1125,0.293425085333569,1
clc_contig_2336,1160,0.300466201501082,1
clc_contig_2336,1171,0.300466201501082,1
clc_contig_295,2367,0.301908426385929,1
Contig1346,2491,0.302387732890519,1
Contig1103,5425,0.305380622803579,1
Contig1103,5427,0.305380622803579,1
clc_contig_7126,1430,0.307072191100438,1
Contig5129,1634,0.308060593233076,1
clc_contig_4691,1851,0.308481763083463,1
clc_contig_7915,5037,0.311492676930984,1
clc_contig_7915,5040,0.311492676930984,1
clc_contig_2518,1885,0.312341868179487,1
clc_contig_140,6652,0.315058350130733,1
clc_contig_4897,3251,0.31637746768851,1
clc_contig_4860,3600,0.316988746488559,1
clc_contig_3075,2933,0.317303353372504,1
Contig4564,6946,0.318736689300909,1
clc_contig_9173,317,0.322941093762865,1
clc_contig_3013,1279,0.323835314543252,1
Contig1178,1103,0.325214872964308,1
Contig5136,331,0.325431715874391,1
Contig1835,6209,0.326095596907856,1
Contig4110,864,0.326667450300935,1
Contig1653,1202,0.326755535328438,1
Contig1103,1676,0.331807322663875,1
Contig6270,240,0.333168474037612,1
clc_contig_1097,576,0.334226716304594,1
clc_contig_12687,5872,0.335478346560029,1
clc_contig_17125,523,0.341388962815067,1
clc_contig_11143,6311,0.341573584143485,1
clc_contig_322,1227,0.344036417956513,1
Contig1835,1927,0.349331329425307,1
clc_contig_4802,786,0.349526336371926,1
clc_contig_4802,794,0.349526336371926,1
clc_contig_3581,1317,0.350333156262379,1
clc_contig_3581,1322,0.350333156262379,1
clc_contig_1743,4329,0.350684743498154,1
Contig1103,1672,0.355224683619197,1
clc_contig_1097,1180,0.355747829284987,1
Contig2001,1929,0.356714428818187,1
clc_contig_295,2456,0.358576160956992,1
clc_contig_658,1266,0.358600576931315,1
clc_contig_2079,1965,0.35882509429575,1
clc_contig_2464,1846,0.363513331350689,1
clc_contig_3581,1381,0.363881869174423,1
clc_contig_391,834,0.366078920559634,1
Contig2367,2912,0.366239368938376,1
clc_contig_295,8058,0.371127754773337,1
Contig7086,688,0.371377841915169,1
clc_contig_3358,2217,0.375478736932645,1
Contig2599,1227,0.383939576959858,1
Contig5774,2057,0.385715807383148,1
Contig1835,6216,0.386764439881883,1
Contig3083,76,0.390875421567587,1
clc_contig_7701,998,0.393720867271719,1
Contig5565,967,0.398816508356424,1
clc_contig_6885,2566,0.400278104635012,1
Contig3954,1026,0.401159169323522,1
Contig1194,2932,0.40204971316972,1
Contig1318,2787,0.404800194388903,1
Contig1975,2858,0.405971615444219,1
clc_contig_1285,3378,0.410735978429119,1
clc_contig_1377,2533,0.424358403202715,1
Contig2268,176,0.424756368921002,1
Contig1502,2607,0.427899398759615,1
Contig2662,443,0.428378506764347,1
Contig1490,1409,0.431918553577196,1
Contig1432,635,0.441238515787243,1
clc_contig_4786,762,0.442475611573144,1
Contig1835,5701,0.442826026601554,1
Contig1502,2608,0.443157672930744,1
clc_contig_7728,1273,0.443506781827424,1
clc_contig_3358,1302,0.444174295252492,1
Contig3163,946,0.45347796296677,1
clc_contig_6040,2711,0.453493750206096,1
Contig3022,130,0.453619586651634,1
Contig1318,3447,0.455468360830623,1
Contig5055,2361,0.455855956264858,1
clc_contig_12374,1384,0.458091510985649,1
clc_contig_10703,3207,0.458093967419377,1
Contig2588,206,0.460875215095765,1
clc_contig_541,5910,0.460898325719643,1
clc_contig_12713,1190,0.462060737966936,1
Contig1877,4388,0.462571344103014,1
Contig1120,9569,0.464047035931701,1
Phal_PtaS21725843,654,0.466157509172024,1
Contig3922,2216,0.467186999129217,1
Contig1120,5684,0.467687250032874,1
clc_contig_3358,2238,0.468356098038943,1
Contig1129,1304,0.471123001199299,1
Contig564,1758,0.47114065110029,1
Contig1835,1913,0.471669593507125,1
clc_contig_6202,1229,0.472058773172187,1
clc_contig_10806,1158,0.472104073764039,1
Contig3059,3243,0.476578309907469,1
Contig3059,3292,0.476578309907469,1
Contig1297,197,0.481959387482437,1
Contig2519,2683,0.484119850395942,1
clc_contig_9943,1541,0.492196694674482,1
clc_contig_6040,3493,0.497158122614037,1
Contig2416,266,0.498337909383513,1
clc_contig_309,1091,0.499115828279137,1
clc_contig_1610,2964,0.499999999999999,1
clc_contig_1610,2989,0.499999999999999,1
clc_contig_11302,1655,0.506270805318365,1
Contig3954,1046,0.509282339514687,1
clc_contig_20633,2535,0.509472069656571,1
clc_contig_10138,3521,0.512180763914813,1
clc_contig_6885,2231,0.515536473225738,1
Contig1318,10152,0.518243964332687,1
clc_contig_16011,1383,0.518989891839819,1
clc_contig_16011,1390,0.518989891839819,1
clc_contig_16915,200,0.519374943083277,1
Contig3809,1792,0.520403920731294,1
Contig1432,644,0.52103554898413,1
clc_contig_5506,202,0.521271925324083,1
clc_contig_9313,794,0.524827981720229,1
Contig4564,5818,0.534592276827785,1
Contig1454,699,0.534750032634998,1
Contig4564,5799,0.537039301067349,1
clc_contig_339,805,0.547025363760287,1
Contig1432,3067,0.547785270663583,1
Contig6270,1443,0.553908377419165,1
Contig1103,2596,0.556329778768443,1
clc_contig_322,2256,0.559659095341577,1
Contig4049,1672,0.561786481160285,1
Contig4049,1678,0.561786481160285,1
Contig1638,4228,0.56209185150491,1
Contig6325,1032,0.563413778149748,1
Contig6325,1033,0.563413778149748,1
clc_contig_3970,6099,0.563979785519229,1
Contig1502,2693,0.56841148997527,1
Contig2268,1671,0.568419235830772,1
clc_contig_3195,1326,0.570724088371201,1
Contig6076,324,0.570943899679086,1
clc_contig_10806,684,0.573874735963158,1
clc_contig_6747,2031,0.576167364260887,1
clc_contig_17217,362,0.576688051580732,1
clc_contig_937,866,0.576776203322712,1
Phal_PtaS23081819,118,0.577219055369085,1
clc_contig_3970,4366,0.589219474118197,1
clc_contig_3062,2133,0.590497405866509,1
clc_contig_6182,177,0.595370629026195,1
Contig1515,10226,0.595882207737256,1
Contig1912,7719,0.596339908569016,1
clc_contig_2336,101,0.59673257862269,1
clc_contig_6150,2308,0.599955007455526,1
clc_contig_8937,1291,0.600529386151,1
clc_contig_2024,4043,0.601147662571698,1
clc_contig_6293,2616,0.601632711602316,1
clc_contig_6779,3594,0.602665121685201,1
clc_contig_8937,4188,0.60812745847637,1
clc_contig_8937,4189,0.60812745847637,1
Contig6652,2054,0.609284862294814,1
clc_contig_14918,673,0.613822862890374,1
clc_contig_5173,3594,0.614124231332242,1
Contig3922,3063,0.618491209704832,1
Contig3639,303,0.619366808720105,1
clc_contig_2050,7752,0.622097503199412,1
Contig3135,2017,0.622215889069609,1
clc_contig_2518,3015,0.622485234703713,1
Contig4564,5430,0.623754127760865,1
Contig1835,1388,0.62505293180503,1
Contig6014,305,0.627902651110735,1
clc_contig_454,1523,0.627920118581851,1
clc_contig_140,7216,0.628719609452423,1
clc_contig_10703,1422,0.62963070822839,1
Contig1835,6303,0.630368577342494,1
Contig2001,510,0.631810657887239,1
clc_contig_658,3684,0.63203821884378,1
clc_contig_6779,3603,0.632178824722768,1
Contig3135,2025,0.634422198411096,1
Contig1094,841,0.635774790664152,1
clc_contig_321,981,0.639789226637742,1
Contig6014,228,0.640539578650218,1
Contig1954,319,0.651696416515723,1
Contig1308,1458,0.655482134753327,1
clc_contig_2851,485,0.656833737978252,1
Contig1103,3151,0.657662966665953,1
Contig1655,3628,0.658080400079979,1
clc_contig_2079,1465,0.660579856044389,1
Contig3083,2723,0.660965639607589,1
clc_contig_10806,3425,0.662303164919861,1
Contig3907,2385,0.664179587498827,1
clc_contig_1589,1168,0.665228196326838,1
clc_contig_697,2652,0.670727526194712,1
Contig4417,2502,0.674040683922246,1
Contig1103,1149,0.675076693863711,1
Phal_PtaS25586126,437,0.67599201887713,1
clc_contig_3651,2834,0.677453321602048,1
clc_contig_9949,1244,0.683724328659136,1
clc_contig_2050,7737,0.684605684967797,1
Contig1178,1337,0.687022539514402,1
clc_contig_658,3471,0.690695380401547,1
Contig7061,4684,0.692787061780617,1
clc_contig_4642,583,0.694720786294576,1
clc_contig_4808,2041,0.69532686348919,1
clc_contig_3062,2089,0.695713931759353,1
clc_contig_6236,2411,0.695862677521892,1
clc_contig_12374,2092,0.700048337468921,1
Contig2404,276,0.701222731663077,1
clc_contig_11302,1271,0.701303381408504,1
clc_contig_5600,2203,0.701571555218583,1
clc_contig_3970,2138,0.703801899923681,1
Contig1052,699,0.70533983381169,1
clc_contig_12687,2753,0.705863074350358,1
Contig4460,885,0.706563823805639,1
Contig1655,4053,0.706734917754451,1
Contig7086,317,0.707037420621615,1
Contig3135,74,0.707122941758078,1
Contig1722,2669,0.708269343114888,1
Contig3402,450,0.713786643090983,1
clc_contig_1061,4537,0.714379673352851,1
clc_contig_10022,1060,0.714871705849379,1
Contig2695,688,0.715142040191399,1
Contig1872,1866,0.715419822452546,1
clc_contig_173,5213,0.715485245323514,1
Contig4513,345,0.716591213853607,1
clc_contig_1699,3805,0.719876524124942,1
Contig1655,5619,0.72036767937721,1
Contig6533,3738,0.721115150429373,1
clc_contig_9446,2431,0.721333552846657,1
clc_contig_5326,1056,0.72832623772254,1
clc_contig_10806,1116,0.728334000553323,1
clc_contig_3653,1646,0.72986867933312,1
clc_contig_13206,661,0.73124103504054,1
clc_contig_658,3517,0.731774418214958,1
Contig3003,543,0.733342180327415,1
Contig84,562,0.733648977427382,1
clc_contig_3970,1874,0.73391650348505,1
clc_contig_3970,1875,0.73391650348505,1
clc_contig_1377,3922,0.734148031057407,1
clc_contig_6040,2453,0.73767821205097,1
Contig7146,1146,0.740893651766,1
clc_contig_1097,2917,0.74459640868796,1
clc_contig_6789,3039,0.746544883288044,1
clc_contig_541,1863,0.74727603849346,1
Contig2799,1035,0.747945242884094,1
Contig2441,459,0.751555638845825,1
clc_contig_18415,643,0.753679491594096,1
clc_contig_9337,1582,0.753720793138185,1
clc_contig_9446,2417,0.753799558768965,1
clc_contig_4897,1324,0.753920691675519,1
Contig2163,1620,0.754837583388501,1
clc_contig_8937,580,0.756887281965121,1
Contig2001,564,0.757842351504217,1
clc_contig_719,2322,0.758245886054518,1
clc_contig_3195,2112,0.758564572535393,1
clc_contig_11302,989,0.760194176388427,1
Contig1100,522,0.760888597791268,1
Contig7382,247,0.762896345998248,1
clc_contig_8937,1171,0.765005815071112,1
Contig5471,966,0.767542133184885,1
clc_contig_6040,1440,0.76910045115875,1
clc_contig_13170,354,0.769441302380023,1
Contig1418,60,0.77127152340347,1
Contig1454,701,0.771281240955827,1
Contig2404,1596,0.772048090416592,1
clc_contig_1699,2508,0.774135155335115,1
clc_contig_17069,475,0.774553422319858,1
Contig1428,2477,0.774654649392725,1
Contig1792,188,0.774867199131499,1
clc_contig_7728,2028,0.775431844097578,1
Contig3168,747,0.776912121210365,1
Contig1432,370,0.778203590156353,1
clc_contig_4567,1714,0.778219154032683,1
clc_contig_5326,1067,0.778235709033573,1
Contig2064,1392,0.778373482237706,1
clc_contig_5198,3798,0.781524878443416,1
clc_contig_10883,2157,0.784717170828055,1
clc_contig_1699,2509,0.786956920921812,1
Contig4440,4097,0.795666777993646,1
clc_contig_2596,4478,0.79571994485233,1
clc_contig_10806,706,0.796056166669,1
Contig2294,222,0.796815229156692,1
clc_contig_5198,4639,0.796982815328299,1
Contig2814,777,0.798465291936853,1
clc_contig_4786,666,0.801129824932825,1
Contig1103,1760,0.801688024686387,1
clc_contig_1699,2432,0.804286910346244,1
Contig368,1516,0.805684139734553,1
clc_contig_17069,1957,0.806030550634462,1
Phal_PtaS25094509,354,0.806705756380049,1
Contig1743,2190,0.807694734262657,1
clc_contig_15059,781,0.816676933417693,1
Contig1129,972,0.817806584081256,1
Contig2316,409,0.818002137654945,1
Contig3825,767,0.818075716599824,1
clc_contig_3653,3201,0.820722019563362,1
Contig1706,214,0.821693250053731,1
clc_contig_4680,961,0.822595286223128,1
clc_contig_11302,3662,0.828121204556973,1
Phal_PtaS25586126,433,0.828535983126233,1
clc_contig_3365,2119,0.83718763226094,1
clc_contig_5326,2600,0.837782541493599,1
clc_contig_312,927,0.838224167469864,1
clc_contig_11,3050,0.841142399259467,1
clc_contig_11,3059,0.841142399259467,1
clc_contig_6520,424,0.841428214644215,1
clc_contig_1399,1197,0.843403467267868,1
Contig6871,1243,0.84742535971001,1
clc_contig_1097,2500,0.848203206229536,1
clc_contig_17125,170,0.848424676450896,1
clc_contig_5326,1922,0.848502163345741,1
clc_contig_5326,1924,0.848502163345741,1
clc_contig_4350,2602,0.849132131717198,1
clc_contig_312,1958,0.851392096200835,1
clc_contig_312,1972,0.851392096200835,1
Contig6642,2616,0.854048734773119,1
Contig1103,5239,0.856761701486317,1
Contig2968,3982,0.859208199936751,1
clc_contig_74,1341,0.863221860148871,1
clc_contig_4642,1714,0.864980471079663,1
Contig1835,965,0.865668476901614,1
clc_contig_10887,2493,0.866067954948326,1
clc_contig_5330,5020,0.866311738446516,1
Contig6871,1238,0.866929800837302,1
clc_contig_6747,3690,0.867194589848354,1
clc_contig_3653,4403,0.867874859729595,1
Contig2588,1770,0.86819389142121,1
Contig3922,2055,0.868517789039406,1
clc_contig_1632,2728,0.869217892513885,1
clc_contig_658,1251,0.870050779028294,1
Contig2417,2650,0.871714498113986,1
Contig2490,2991,0.874302917752276,1
Contig1722,1261,0.874845040360963,1
clc_contig_9949,1150,0.876234792567972,1
clc_contig_6789,3108,0.877176281329857,1
clc_contig_8937,3764,0.879467118638458,1
clc_contig_2596,3518,0.879821996425638,1
Contig4900,994,0.880869917201759,1
Contig4440,2310,0.881232713055803,1
clc_contig_12687,353,0.882916581978763,1
clc_contig_2589,3303,0.883784816495382,1
clc_contig_11302,1212,0.884632516932507,1
clc_contig_4397,1817,0.886776272305657,1
clc_contig_3653,4420,0.88712664928737,1
clc_contig_3653,4440,0.88712664928737,1
clc_contig_10344,2117,0.887255231416362,1
Contig2441,1580,0.88759592234043,1
clc_contig_6236,2675,0.888732350673943,1
clc_contig_391,768,0.889207595354517,1
clc_contig_13540,456,0.889276635211458,1
clc_contig_189,2301,0.89050063756749,1
clc_contig_4680,615,0.891830196158002,1
Contig2490,3610,0.893064180106295,1
clc_contig_6112,1158,0.893403490344451,1
clc_contig_5172,2557,0.8949354097547,1
Contig2340,2914,0.896474051051873,1
clc_contig_3143,898,0.898919008467959,1
Contig1515,8048,0.899874741529907,1
Contig3825,99,0.899964188616833,1
Contig2068,2058,0.902328985238202,1
Contig5711,1527,0.902851788493044,1
Contig1129,1563,0.903024667068463,1
clc_contig_8937,4276,0.903244965184592,1
clc_contig_20633,1939,0.90454011907425,1
clc_contig_2589,3584,0.90614944170381,1
Contig5276,250,0.907057169146352,1
clc_contig_17125,98,0.908135538229487,1
Contig1194,1969,0.908443360184728,1
clc_contig_17125,103,0.90848729307022,1
Contig1428,2485,0.909198392796184,1
clc_contig_16791,839,0.910589536718317,1
Contig2340,2217,0.91140194456891,1
clc_contig_6779,531,0.912756444213221,1
clc_contig_697,1464,0.913875776833765,1
clc_contig_697,7223,0.914569672874326,1
Contig2163,1130,0.91508637775488,1
Phal_PtaS26638223,632,0.915319213339124,1
Contig1318,1469,0.919098136322306,1
clc_contig_18846,2491,0.919652740193044,1
clc_contig_1632,4371,0.920100176282749,1
clc_contig_5198,5619,0.920779128980712,1
clc_contig_2892,8910,0.921859446020995,1
Contig2605,4385,0.922968730494142,1
Contig5711,554,0.923632834255934,1
clc_contig_6182,3467,0.923905562426404,1
Contig1630,4091,0.924889289288404,1
Contig4440,3440,0.925797185105297,1
Contig2787,121,0.928025296885304,1
clc_contig_6040,2375,0.928552569897306,1
clc_contig_5198,2453,0.928944301478502,1
clc_contig_394,2340,0.930397105151168,1
clc_contig_4642,81,0.930504013576605,1
clc_contig_17069,1942,0.930616208952703,1
Contig1706,635,0.930658674329793,1
Contig3922,2510,0.934249248421195,1
Contig2949,1354,0.938401019833074,1
clc_contig_4642,1725,0.938716588505788,1
clc_contig_3013,1304,0.938839746294009,1
Contig2340,4062,0.939089536203506,1
clc_contig_9969,2695,0.940957590494391,1
clc_contig_24102,304,0.942185343766758,1
Contig3059,4420,0.942810582117391,1
clc_contig_7915,4230,0.944012435012318,1
Contig2844,384,0.944204193383747,1
Contig4462,1359,0.944885181551678,1
clc_contig_9005,146,0.946775663450944,1
clc_contig_1285,1140,0.947506601357666,1
Contig2316,1988,0.949735039173422,1
clc_contig_5186,438,0.950106874924038,1
clc_contig_4691,1926,0.950119639756406,1
clc_contig_2079,3909,0.951268461775208,1
clc_contig_20633,948,0.95144680765802,1
clc_contig_6112,1161,0.952262058429311,1
Contig1262,2398,0.953529013476632,1
Contig1655,3559,0.954316859870121,1
clc_contig_705,205,0.955500719583543,1
clc_contig_4642,1784,0.955761565742694,1
clc_contig_6520,112,0.955859008632814,1
Contig2025,4963,0.956253609093621,1
clc_contig_1610,2607,0.956927258660691,1
clc_contig_541,5832,0.957265027262831,1
clc_contig_719,4932,0.957266468878465,1
clc_contig_10286,943,0.958011948908528,1
clc_contig_2589,1456,0.958186650964343,1
Contig2799,459,0.958214029785508,1
Contig4440,739,0.958707850609663,1
Contig1638,7882,0.959303417330604,1
clc_contig_6040,3066,0.959831091857273,1
Contig2799,447,0.959861526799761,1
clc_contig_4475,3204,0.960010961779809,1
Contig74,75,0.960270833843075,1
Contig1454,1108,0.960954469536076,1
clc_contig_11559,817,0.961464972840345,1
clc_contig_6520,468,0.961605305469862,1
Contig2605,4327,0.962384178633093,1
clc_contig_2596,4279,0.962846728622709,1
clc_contig_2324,2813,0.962848059731988,1
clc_contig_6779,2749,0.963786967621101,1
Contig2360,2099,0.964221518560026,1
Contig6533,1949,0.965995170883322,1
clc_contig_74,2016,0.966127504506645,1
clc_contig_719,4172,0.96636602983664,1
Contig1182,442,0.967233184764841,1
clc_contig_1377,5329,0.970976413485939,1
clc_contig_657,4461,0.971968783961299,1
Contig6652,1106,0.9720930323579,1
Contig1966,1096,0.972140915605645,1
clc_contig_1377,5320,0.972376500549293,1
Contig1638,1128,0.972864208509843,1
clc_contig_3382,4539,0.973203076561005,1
Contig2519,3449,0.97368696185819,1
Contig2519,3456,0.97368696185819,1
Contig1655,5693,0.974299798226134,1
clc_contig_697,7083,0.97440781714189,1
Contig1638,1413,0.974479689943806,1
clc_contig_4741,158,0.975117327753958,1
clc_contig_7688,3890,0.975552672929763,1
clc_contig_8042,1822,0.975979743983767,1
clc_contig_17069,778,0.976433636791261,1
clc_contig_4808,574,0.976517362755834,1
Contig1638,7944,0.976695340550084,1
clc_contig_3651,2824,0.977213897015837,1
clc_contig_3653,716,0.977602021093904,1
Contig2441,78,0.97773577029633,1
clc_contig_6983,2110,0.978234857708207,1
Contig5774,2608,0.978327908276239,1
clc_contig_4642,565,0.9790919714727,1
clc_contig_6182,357,0.97914409107411,1
clc_contig_697,6958,0.979629361768958,1
Contig1265,379,0.979748121418348,1
clc_contig_4808,493,0.979854221730201,1
Contig1094,847,0.980409679226815,1
clc_contig_2324,2757,0.981446278676814,1
Contig2442,3980,0.981912805607598,1
clc_contig_10286,2308,0.982183955290415,1
clc_contig_4397,4089,0.983076474851514,1
Contig1706,278,0.983194547621622,1
clc_contig_8937,1116,0.983252769407318,1
clc_contig_2324,2907,0.983739005918932,1
Contig2599,1285,0.985082162579003,1
Contig1318,6581,0.985746520700234,1
clc_contig_6017,2857,0.986703683862795,1
clc_contig_11143,1863,0.986932320591193,1
clc_contig_11302,3813,0.986937509280197,1
Contig1319,5757,0.987187043046499,1
clc_contig_391,1195,0.987483195309173,1
Contig2474,1579,0.987787959541784,1
Contig1165,1451,0.987842565455665,1
Contig2588,1336,0.987947540954312,1
clc_contig_4589,2820,0.988014560786303,1
clc_contig_6017,4466,0.988743145658088,1
clc_contig_5208,1972,0.98913635681406,1
clc_contig_17069,707,0.989229717747708,1
Contig3402,145,0.989386333574563,1
Contig6777,1572,0.989446902098523,1
clc_contig_7915,1839,0.989978802861219,1
Contig3135,82,0.990329392468625,1
Contig1800,3352,0.990907718500988,1
clc_contig_5738,5288,0.99097872365187,1
clc_contig_12374,2166,0.991156893152889,1
clc_contig_6017,2773,0.991454890908755,1
Contig2946,406,0.991532020471104,1
Contig1723,136,0.991934786190186,1
Contig4440,690,0.992748498385274,1
Contig2715,593,0.992975186090185,1
clc_contig_2324,2699,0.993806154288665,1
Contig1975,2456,0.993849284743817,1
clc_contig_2596,461,0.994696483705985,1
Contig2926,975,0.994949323105391,1
clc_contig_6511,1782,0.995194976661464,1
Contig2519,2679,0.995679321898014,1
clc_contig_17399,114,0.995762791942008,1
clc_contig_10022,632,0.996041325775427,1
Contig7657,3960,0.996080293009202,1
Contig4072,2040,0.996536553870917,1
Contig1576,854,0.997467648047196,1
Contig7577,2460,0.997607895688832,1
Contig2181,457,0.997886018710687,1
clc_contig_2324,1101,0.998389058796525,1
clc_contig_6017,3081,0.998473147093728,1
Contig1927,828,0.99888514101011,1
clc_contig_22167,1404,0.998887905016856,1
clc_contig_6511,1354,0.999001925223909,1
clc_contig_6017,333,0.999073556480937,1
clc_contig_1097,2885,0.999284434178971,1
Contig5055,1809,0.999323867832104,1
clc_contig_2418,1705,0.999342935325506,1
Contig5055,1822,0.999344941772521,1
clc_contig_4606,3480,0.999547782330694,1
clc_contig_4261,861,0.999686960133009,1
clc_contig_7126,2481,0.999944979485981,1
clc_contig_22167,98,0.99999397400694,1
clc_contig_22167,105,0.99999397400694,1
